session_id,gesture
d6f072eef4e1,02_fist
b133ffe5372b,02_fist
d44afebc88a3,01_palm
274777eeb750,04_index
d6c3d2cd0f1a,01_palm
0b2a4c990212,04_index
b71bee10c1a3,03_thumb
a1365fe5ead7,02_fist
a545239b3540,05_peace
56952d02b6dd,05_peace
355d18f26c35,03_thumb
4375198d596e,02_fist
2cb6bb5aa90a,01_palm
92a5a2a26c6d,03_thumb
c8e774aea686,05_peace
5271943c57a3,05_peace
adaf11b6454a,01_palm
37636f40f3e8,03_thumb
18d9ff0d3d84,04_index
139ac9500058,02_fist
b2b4645a8198,02_fist
97af8396e613,05_peace
6f46a7ccd1bf,01_palm
c739b71466f9,01_palm
31295cd9aaa8,04_index
3a2e045a4aa2,04_index
de7b7ea1c51a,04_index
72138b2f82d2,02_fist
ace68e7d7a5c,03_thumb
e4e12b1cb5e4,05_peace
46571ae3462a,03_thumb
73a149e13608,05_peace
